ShapeID,PointID,X,Y
1,1,41.94200134277344,68.9800033569336
1,1,41.259605407714844,69.81170654296875
1,1,40.58875274658203,70.65237426757812
1,1,39.92960739135742,71.501953125
1,1,39.2823371887207,72.36040496826172
1,1,38.64711380004883,73.22766876220703
1,1,38.02410888671875,74.10371398925781
1,1,37.413490295410156,74.98847961425781
1,1,36.8154296875,75.88191986083984
1,1,36.2300910949707,76.78398895263672
1,1,35.65765380859375,77.69464874267578
1,1,35.0982780456543,78.61383819580078
1,1,34.55213928222656,79.54151916503906
1,1,34.01940155029297,80.47764587402344
1,1,33.500244140625,81.42215728759766
1,1,32.99482727050781,82.3750228881836
1,1,32.503326416015625,83.336181640625
1,1,32.02590560913086,84.30560302734375
1,1,31.562742233276367,85.28321838378906
1,1,31.11400032043457,86.26899719238281
1,1,30.73366355895996,87.13911437988281
1,1,30.36473846435547,88.01827239990234
1,1,30.007259368896484,88.90615844726562
1,1,29.6612606048584,89.802490234375
1,1,29.3267765045166,90.70696258544922
1,1,29.00383949279785,91.61927032470703
1,1,28.692481994628906,92.53912353515625
1,1,28.392742156982422,93.46622467041016
1,1,28.10464859008789,94.40027618408203
1,1,27.82823944091797,95.34097290039062
1,1,27.56354522705078,96.28801727294922
1,1,27.31060028076172,97.24111938476562
1,1,27.069438934326172,98.19996643066406
1,1,26.84009552001953,99.16427612304688
1,1,26.622604370117188,100.13374328613281
1,1,26.416996002197266,101.10806274414062
1,1,26.22330665588379,102.08694458007812
1,1,26.04157066345215,103.0700912475586
1,1,25.8718204498291,104.05719757080078
1,1,25.714088439941406,105.04796600341797
1,1,25.56841278076172,106.04210662841797
1,1,25.43482208251953,107.03931427001953
1,1,25.313352584838867,108.03929138183594
1,1,25.204036712646484,109.04173278808594
1,1,25.106910705566406,110.04635620117188
1,1,25.02200698852539,111.05284881591797
1,1,24.949359893798828,112.06092071533203
1,1,24.888999938964844,113.07026672363281
1,1,24.840965270996094,114.08059692382812
1,1,24.805286407470703,115.09160614013672
1,1,24.781999588012695,116.10299682617188
1,1,24.771137237548828,117.1144790649414
1,1,24.772733688354492,118.12574005126953
1,1,24.786819458007812,119.13648986816406
1,1,24.813434600830078,120.14642333984375
1,1,24.85260581970215,121.15525817871094
1,1,24.904373168945312,122.16268157958984
1,1,24.968765258789062,123.16839599609375
1,1,25.045820236206055,124.17210388183594
1,1,25.13556671142578,125.17351531982422
1,1,25.23804473876953,126.17232513427734
1,1,25.353282928466797,127.16822814941406
1,1,25.48131561279297,128.1609344482422
1,1,25.62217903137207,129.15016174316406
1,1,25.77590560913086,130.1355743408203
1,1,25.942529678344727,131.1168975830078
1,1,26.12208366394043,132.09384155273438
1,1,26.31460189819336,133.0660858154297
1,1,26.520116806030273,134.03334045410156
1,1,26.738664627075195,134.9953155517578
1,1,26.970277786254883,135.95169067382812
1,1,27.214990615844727,136.90220642089844
1,1,27.472837448120117,137.84652709960938
1,1,27.74384880065918,138.78436279296875
1,1,28.02806282043457,139.71542358398438
1,1,28.325510025024414,140.639404296875
1,1,28.6362247467041,141.55601501464844
1,1,28.960241317749023,142.46495056152344
1,1,29.29759407043457,143.3659210205078
1,1,29.6483154296875,144.2586212158203
1,1,30.012439727783203,145.1427459716797
1,1,30.389999389648438,146.01800537109375
1,1,30.856201171875,147.05355834960938
1,1,31.336694717407227,148.0796661376953
1,1,31.83131217956543,149.09628295898438
1,1,32.33988952636719,150.10333251953125
1,1,32.86225509643555,151.1007537841797
1,1,33.398250579833984,152.0885009765625
1,1,33.94770050048828,153.0664825439453
1,1,34.51044464111328,154.03466796875
1,1,35.08631134033203,154.9929656982422
1,1,35.675140380859375,155.9413299560547
1,1,36.276756286621094,156.87969970703125
1,1,36.89099884033203,157.80799865722656
2,1,176.5,67.5
2,1,175.9031219482422,66.62857055664062
2,1,175.2991180419922,65.76226806640625
2,1,174.68775939941406,64.90157318115234
2,1,174.06878662109375,64.04696655273438
2,1,173.44198608398438,63.19891357421875
2,1,172.80711364746094,62.35789489746094
2,1,172.16392517089844,61.524391174316406
2,1,171.51219177246094,60.69887161254883
2,1,170.85165405273438,59.881813049316406
2,1,170.18209838867188,59.07369613647461
2,1,169.50326538085938,58.27499008178711
2,1,168.81492614746094,57.486175537109375
2,1,168.11685180664062,56.707725524902344
2,1,167.40878295898438,55.94011688232422
2,1,166.6905059814453,55.18382263183594
2,1,165.96176147460938,54.43932342529297
2,1,165.22232055664062,53.70709228515625
2,1,164.47193908691406,52.987606048583984
2,1,163.7103729248047,52.28133773803711
2,1,162.93740844726562,51.588768005371094
2,1,162.1527862548828,50.910369873046875
2,1,161.3562774658203,50.24661636352539
2,1,160.54762268066406,49.59798812866211
2,1,159.72662353515625,48.9649543762207
2,1,158.89300537109375,48.347999572753906
2,1,158.17376708984375,47.83463668823242
2,1,157.4477996826172,47.33214569091797
2,1,156.71522521972656,46.840492248535156
2,1,155.9761505126953,46.359649658203125
2,1,155.23068237304688,45.88958740234375
2,1,154.4789276123047,45.430274963378906
2,1,153.72100830078125,44.981685638427734
2,1,152.95703125,44.54378890991211
2,1,152.1870880126953,44.116554260253906
2,1,151.41131591796875,43.699951171875
2,1,150.6298065185547,43.293949127197266
2,1,149.84266662597656,42.89852523803711
2,1,149.05001831054688,42.513641357421875
2,1,148.25196838378906,42.13927459716797
2,1,147.4486083984375,41.775390625
2,1,146.64007568359375,41.421958923339844
2,1,145.82647705078125,41.078956604003906
2,1,145.00790405273438,40.74634552001953
2,1,144.18447875976562,40.424102783203125
2,1,143.35630798339844,40.11219787597656
2,1,142.52349853515625,39.81060028076172
2,1,141.68617248535156,39.5192756652832
2,1,140.84442138671875,39.23820114135742
2,1,139.9983673095703,38.96734619140625
2,1,139.1481170654297,38.7066764831543
2,1,138.29379272460938,38.4561653137207
2,1,137.4354705810547,38.21578598022461
2,1,136.57330322265625,37.985504150390625
2,1,135.70736694335938,37.76529312133789
2,1,134.83778381347656,37.55512237548828
2,1,133.96466064453125,37.35496139526367
2,1,133.08810424804688,37.16477966308594
2,1,132.208251953125,36.98455047607422
2,1,131.32516479492188,36.81424331665039
2,1,130.43899536132812,36.65382766723633
2,1,129.54983520507812,36.50327682495117
2,1,128.65780639648438,36.36255645751953
2,1,127.76299285888672,36.23163986206055
2,1,126.86553192138672,36.110496520996094
2,1,125.96551513671875,35.99909591674805
2,1,125.06305694580078,35.89741134643555
2,1,124.15827178955078,35.80541229248047
2,1,123.25126647949219,35.72306442260742
2,1,122.34215545654297,35.65034484863281
2,1,121.43103790283203,35.587223052978516
2,1,120.51803588867188,35.53366470336914
2,1,119.6032485961914,35.48964309692383
2,1,118.68679809570312,35.45512771606445
2,1,117.7687759399414,35.430091857910156
2,1,116.84931182861328,35.41450500488281
2,1,115.92849731445312,35.40833282470703
2,1,115.00645446777344,35.41154861450195
2,1,114.08329010009766,35.42412567138672
2,1,113.15911865234375,35.4460334777832
2,1,112.23403930664062,35.477237701416016
2,1,111.30816650390625,35.5177116394043
2,1,110.3816146850586,35.56742858886719
2,1,109.4544906616211,35.6263542175293
2,1,108.52690124511719,35.694461822509766
2,1,107.59895324707031,35.77172088623047
2,1,106.67076873779297,35.85810089111328
2,1,105.74244689941406,35.953575134277344
2,1,104.8141098022461,36.058109283447266
2,1,103.88584899902344,36.17167663574219
2,1,102.9577865600586,36.29425048828125
2,1,102.030029296875,36.42579650878906
2,1,101.1026840209961,36.566287994384766
2,1,100.17587280273438,36.71569061279297
2,1,99.24968719482422,36.87398147583008
2,1,98.32424926757812,37.0411262512207
2,1,97.39966583251953,37.21709442138672
2,1,96.4760513305664,37.40186309814453
2,1,95.55350494384766,37.595394134521484
2,1,94.63214111328125,37.797664642333984
2,1,93.71207427978516,38.00864028930664
2,1,92.79341125488281,38.228294372558594
2,1,91.87625885009766,38.45659637451172
2,1,90.96073150634766,38.693519592285156
2,1,90.04693603515625,38.939029693603516
2,1,89.13497924804688,39.19309616088867
2,1,88.22498321533203,39.455692291259766
2,1,87.31704711914062,39.72679138183594
2,1,86.4112777709961,40.0063591003418
2,1,85.5077896118164,40.294368743896484
2,1,84.60669708251953,40.59078598022461
2,1,83.7081069946289,40.89558792114258
2,1,82.81212615966797,41.208740234375
2,1,81.91886901855469,41.530216217041016
2,1,81.02843475341797,41.859981536865234
2,1,80.14094543457031,42.19801330566406
2,1,79.25650787353516,42.544273376464844
2,1,78.37522888183594,42.89874267578125
2,1,77.49722290039062,43.261383056640625
2,1,76.62258911132812,43.63216781616211
2,1,75.75144958496094,44.01106643676758
2,1,74.8839111328125,44.39805221557617
2,1,74.02008056640625,44.7930908203125
2,1,73.16006469726562,45.19615936279297
2,1,72.3039779663086,45.60721969604492
2,1,71.45193481445312,46.026248931884766
2,1,70.60403442382812,46.453216552734375
2,1,69.7603988647461,46.888092041015625
2,1,68.92112731933594,47.330841064453125
2,1,68.08633422851562,47.78144073486328
2,1,67.2561264038086,48.23986053466797
2,1,66.43061828613281,48.7060661315918
2,1,65.60990905761719,49.180030822753906
2,1,64.79412841796875,49.66172790527344
2,1,63.983367919921875,50.151123046875
2,1,63.17774200439453,50.648189544677734
2,1,62.37736511230469,51.152896881103516
2,1,61.58234405517578,51.66521453857422
2,1,60.792789459228516,52.185115814208984
2,1,60.00880813598633,52.71256637573242
2,1,59.23051452636719,53.24754333496094
2,1,58.458011627197266,53.790008544921875
2,1,57.6914176940918,54.33993911743164
2,1,56.93083953857422,54.897300720214844
2,1,56.1763801574707,55.46207046508789
2,1,55.42816162109375,56.034210205078125
2,1,54.686283111572266,56.61369705200195
2,1,53.95085906982422,57.200496673583984
2,1,53.22200012207031,57.79458236694336
2,1,52.499813079833984,58.39592361450195
2,1,51.78440856933594,59.004493713378906
2,1,51.075897216796875,59.62025833129883
2,1,50.3743896484375,60.243186950683594
2,1,49.679996490478516,60.87325668334961
2,1,48.992820739746094,61.510433197021484
2,1,48.31298065185547,62.154685974121094
2,1,47.64058303833008,62.80598831176758
2,1,46.97573471069336,63.46430969238281
2,1,46.31855010986328,64.12962341308594
2,1,45.66913604736328,64.80188751220703
2,1,45.02760314941406,65.48108673095703
2,1,44.39406204223633,66.16719055175781
2,1,43.768619537353516,66.86016082763672
2,1,43.151390075683594,67.55997467041016
2,1,42.54248046875,68.26659393310547
2,1,41.94200134277344,68.9800033569336
3,1,36.89099884033203,157.80799865722656
3,1,37.3786506652832,158.52479553222656
3,1,37.87381362915039,159.23541259765625
3,1,38.37642288208008,159.9398193359375
3,1,38.88639831542969,160.6379852294922
3,1,39.40365982055664,161.32989501953125
3,1,39.92813491821289,162.01548767089844
3,1,40.459747314453125,162.69476318359375
3,1,40.99842071533203,163.36769104003906
3,1,41.5440788269043,164.03424072265625
3,1,42.096641540527344,164.69436645507812
3,1,42.65604019165039,165.34805297851562
3,1,43.22219467163086,165.99526977539062
3,1,43.79502487182617,166.63597106933594
3,1,44.37446212768555,167.27015686035156
3,1,44.960426330566406,167.89779663085938
3,1,45.55284118652344,168.51882934570312
3,1,46.15163040161133,169.1332550048828
3,1,46.75672149658203,169.7410430908203
3,1,47.3680305480957,170.34214782714844
3,1,47.98548889160156,170.93653869628906
3,1,48.60901641845703,171.5242156982422
3,1,49.2385368347168,172.10511779785156
3,1,49.87397766113281,172.67922973632812
3,1,50.5152587890625,173.2465362548828
3,1,51.16230773925781,173.80697631835938
3,1,51.81504440307617,174.3605499267578
3,1,52.473392486572266,174.90721130371094
3,1,53.13727951049805,175.4469451904297
3,1,53.80662536621094,175.97970581054688
3,1,54.48135757446289,176.50546264648438
3,1,55.161399841308594,177.0242156982422
3,1,55.84667205810547,177.53590393066406
3,1,56.5370979309082,178.04051208496094
3,1,57.232608795166016,178.5380096435547
3,1,57.93312072753906,179.02838134765625
3,1,58.6385612487793,179.51156616210938
3,1,59.34885025024414,179.98756408691406
3,1,60.06391906738281,180.45632934570312
3,1,60.78368377685547,180.9178466796875
3,1,61.50807189941406,181.3720703125
3,1,62.23700714111328,181.81898498535156
3,1,62.97040939331055,182.25856018066406
3,1,63.70820999145508,182.6907501220703
3,1,64.45032501220703,183.1155548095703
3,1,65.19668579101562,183.5329132080078
3,1,65.94721221923828,183.9428253173828
3,1,66.70182800292969,184.34524536132812
3,1,67.46045684814453,184.74014282226562
3,1,68.2230224609375,185.12750244140625
3,1,68.98944854736328,185.5072784423828
3,1,69.75965881347656,185.87945556640625
3,1,70.53357696533203,186.24400329589844
3,1,71.31112670898438,186.6008758544922
3,1,72.09223937988281,186.9500732421875
3,1,72.87682342529297,187.29153442382812
3,1,73.6648178100586,187.625244140625
3,1,74.45613861083984,187.95118713378906
3,1,75.2507095336914,188.26931762695312
3,1,76.04845428466797,188.57960510253906
3,1,76.84930419921875,188.8820343017578
3,1,77.6531753540039,189.1765594482422
3,1,78.45999145507812,189.46316528320312
3,1,79.2696762084961,189.7418212890625
3,1,80.08216094970703,190.0124969482422
3,1,80.89735412597656,190.275146484375
3,1,81.71520233154297,190.52976989746094
3,1,82.53560638427734,190.7763214111328
3,1,83.35850524902344,191.0147705078125
3,1,84.1838150024414,191.24508666992188
3,1,85.01146697998047,191.46725463867188
3,1,85.84136962890625,191.6812286376953
3,1,86.67346954345703,191.88699340820312
3,1,87.5076675415039,192.0845184326172
3,1,88.34391021728516,192.2737579345703
3,1,89.18209838867188,192.4547119140625
3,1,90.02217102050781,192.6273193359375
3,1,90.86405181884766,192.79156494140625
3,1,91.70765686035156,192.9474334716797
3,1,92.55290985107422,193.09487915039062
3,1,93.39974212646484,193.23387145996094
3,1,94.24807739257812,193.36439514160156
3,1,95.09783172607422,193.4864044189453
3,1,95.94893646240234,193.59988403320312
3,1,96.80130767822266,193.70480346679688
3,1,97.65487670898438,193.80113220214844
3,1,98.50955963134766,193.88882446289062
3,1,99.36528778076172,193.96788024902344
3,1,100.22198486328125,194.03823852539062
3,1,101.0795669555664,194.0998992919922
3,1,101.9379653930664,194.15283203125
3,1,102.79710388183594,194.1969757080078
3,1,103.65689849853516,194.23233032226562
3,1,104.51728057861328,194.2588653564453
3,1,105.378173828125,194.27655029296875
3,1,106.239501953125,194.28533935546875
3,1,107.10118103027344,194.28521728515625
3,1,107.96314239501953,194.27615356445312
3,1,108.82530975341797,194.2581329345703
3,1,109.68760681152344,194.23109436035156
3,1,110.5499496459961,194.19503784179688
3,1,111.41227722167969,194.14991760253906
3,1,112.27449798583984,194.09571838378906
3,1,113.13654327392578,194.0323944091797
3,1,113.99833679199219,193.9599151611328
3,1,114.85979461669922,193.87828063964844
3,1,115.72085571289062,193.7874298095703
3,1,116.58143615722656,193.68736267089844
3,1,117.44145202636719,193.57801818847656
3,1,118.30084228515625,193.4593963623047
3,1,119.15951538085938,193.33143615722656
3,1,120.01741027832031,193.1941375732422
3,1,120.87443542480469,193.04747009277344
3,1,121.73052215576172,192.89138793945312
3,1,122.58560180664062,192.72586059570312
3,1,123.43958282470703,192.55087280273438
3,1,124.29240417480469,192.36639404296875
3,1,125.14397430419922,192.17239379882812
3,1,125.99423217773438,191.96884155273438
3,1,126.84309387207031,191.75570678710938
3,1,127.69048309326172,191.532958984375
3,1,128.53631591796875,191.3005828857422
3,1,129.3805389404297,191.05853271484375
3,1,130.22305297851562,190.80677795410156
3,1,131.0637969970703,190.54530334472656
3,1,131.90267944335938,190.27406311035156
3,1,132.73963928222656,189.9930419921875
3,1,133.57460021972656,189.70220947265625
3,1,134.407470703125,189.4015350341797
3,1,135.23818969726562,189.0909881591797
3,1,136.06666564941406,188.77053833007812
3,1,136.89283752441406,188.44017028808594
3,1,137.7166290283203,188.09982299804688
3,1,138.53794860839844,187.74949645996094
3,1,139.3567352294922,187.38916015625
3,1,140.17291259765625,187.01876831054688
3,1,140.98638916015625,186.6383056640625
3,1,141.79710388183594,186.24774169921875
3,1,142.60498046875,185.84703063964844
3,1,143.40992736816406,185.4361572265625
3,1,144.21188354492188,185.01510620117188
3,1,145.01077270507812,184.58383178710938
3,1,145.8065185546875,184.14230346679688
3,1,146.59902954101562,183.69049072265625
3,1,147.38824462890625,183.22837829589844
3,1,148.17408752441406,182.75592041015625
3,1,148.9564666748047,182.27310180664062
3,1,149.73533630371094,181.77989196777344
3,1,150.51058959960938,181.2762451171875
3,1,151.28216552734375,180.7621612548828
3,1,152.0499725341797,180.23757934570312
3,1,152.81396484375,179.70249938964844
3,1,153.57403564453125,179.15687561035156
3,1,154.3301239013672,178.60067749023438
3,1,155.08213806152344,178.03387451171875
3,1,155.8300323486328,177.45645141601562
3,1,156.57369995117188,176.86837768554688
3,1,157.31309509277344,176.2696075439453
3,1,158.04811096191406,175.66012573242188
3,1,158.7786865234375,175.03990173339844
3,1,159.50474548339844,174.40890502929688
3,1,160.2261962890625,173.76710510253906
3,1,160.9429931640625,173.11447143554688
3,1,161.655029296875,172.4509735107422
3,1,162.36224365234375,171.77659606933594
3,1,163.0645751953125,171.09129333496094
3,1,163.7619171142578,170.39505004882812
3,1,164.45420837402344,169.6878204345703
3,1,165.141357421875,168.96958923339844
3,1,165.8233184814453,168.24032592773438
3,1,166.5,167.5
4,1,42.9640007019043,70.03099822998047
4,1,43.49531555175781,70.63907623291016
4,1,44.03857421875,71.21105194091797
4,1,44.593299865722656,71.7484130859375
4,1,45.159034729003906,72.25262451171875
4,1,45.735313415527344,72.72515869140625
4,1,46.32167053222656,73.16749572753906
4,1,46.917640686035156,73.58110046386719
4,1,47.52275466918945,73.96744537353516
4,1,48.13655471801758,74.32801055908203
4,1,48.75857162475586,74.66426086425781
4,1,49.388343811035156,74.97767639160156
4,1,50.0254020690918,75.26972961425781
4,1,50.669281005859375,75.54188537597656
4,1,51.31951904296875,75.79562377929688
4,1,51.975650787353516,76.03241729736328
4,1,52.637210845947266,76.25373840332031
4,1,53.303733825683594,76.4610595703125
4,1,53.974754333496094,76.65585327148438
4,1,54.64980697631836,76.83959197998047
4,1,55.328426361083984,77.01374816894531
4,1,56.01015090942383,77.17980194091797
4,1,56.69451141357422,77.3392105102539
4,1,57.381046295166016,77.49346160888672
4,1,58.06929016113281,77.64402770996094
4,1,58.75877380371094,77.79237365722656
4,1,59.449039459228516,77.93997192382812
4,1,60.13961410522461,78.08830261230469
4,1,60.830039978027344,78.23883819580078
4,1,61.51984786987305,78.3930435180664
4,1,62.20857238769531,78.55239868164062
4,1,62.895748138427734,78.71837615966797
4,1,63.58091735839844,78.89244842529297
4,1,64.26360321044922,79.07608032226562
4,1,64.94335174560547,79.27075958251953
4,1,65.61969757080078,79.47795104980469
4,1,66.29216003417969,79.69912719726562
4,1,66.96029663085938,79.93576049804688
4,1,67.62362670898438,80.18932342529297
4,1,68.28168487548828,80.46129608154297
4,1,68.93402099609375,80.75314331054688
4,1,69.58015441894531,81.06634521484375
4,1,70.2196273803711,81.4023666381836
4,1,70.85197448730469,81.76268005371094
4,1,71.47672271728516,82.14876556396484
4,1,72.09342193603516,82.56209564208984
4,1,72.70159912109375,83.00414276123047
4,1,73.30078887939453,83.47637176513672
4,1,73.89051818847656,83.98026275634766
4,1,74.47034454345703,84.51728820800781
4,1,75.03977966308594,85.08892059326172
4,1,75.59837341308594,85.69664001464844
4,1,76.1456527709961,86.34190368652344
4,1,76.68115234375,87.02619171142578
4,1,77.20441436767578,87.75098419189453
4,1,77.7149658203125,88.51774597167969
4,1,78.21234893798828,89.32794952392578
4,1,78.69609832763672,90.18307495117188
4,1,79.16574096679688,91.08458709716797
4,1,79.62081909179688,92.03396606445312
4,1,80.06085968017578,93.03267669677734
4,1,80.48541259765625,94.08219909667969
4,1,80.89399719238281,95.18399810791016
4,1,81.16403198242188,95.99793243408203
4,1,81.4085922241211,96.843505859375
4,1,81.62828826904297,97.71890258789062
4,1,81.82373046875,98.622314453125
4,1,81.99553680419922,99.55191802978516
4,1,82.14431762695312,100.50591278076172
4,1,82.27069091796875,101.48248291015625
4,1,82.37525177001953,102.47981262207031
4,1,82.45862579345703,103.49608612060547
4,1,82.52143096923828,104.52950286865234
4,1,82.56426239013672,105.57823944091797
4,1,82.58773803710938,106.64048767089844
4,1,82.59247589111328,107.71443176269531
4,1,82.57908630371094,108.79826354980469
4,1,82.54817199707031,109.89017486572266
4,1,82.50035858154297,110.98833465576172
4,1,82.43624877929688,112.09095001220703
4,1,82.35646057128906,113.19620513916016
4,1,82.2615966796875,114.30227661132812
4,1,82.15228271484375,115.40735626220703
4,1,82.02912139892578,116.5096435546875
4,1,81.8927230834961,117.60730743408203
4,1,81.74370574951172,118.69854736328125
4,1,81.58267974853516,119.78154754638672
4,1,81.41026306152344,120.8544921875
4,1,81.22705078125,121.91557312011719
4,1,81.0336685180664,122.96298217773438
4,1,80.83072662353516,123.9948959350586
4,1,80.61883544921875,125.00950622558594
4,1,80.39861297607422,126.0050048828125
4,1,80.17066192626953,126.97957611083984
4,1,79.93559265136719,127.93140411376953
4,1,79.69403076171875,128.85867309570312
4,1,79.44657135009766,129.75958251953125
4,1,79.19384002685547,130.63232421875
4,1,78.93644714355469,131.47506713867188
4,1,78.67500305175781,132.28599548339844
4,1,78.29295349121094,133.39259338378906
4,1,77.89744567871094,134.44873046875
4,1,77.48876953125,135.4557647705078
4,1,77.06719970703125,136.41497802734375
4,1,76.63301849365234,137.3277130126953
4,1,76.18649291992188,138.19528198242188
4,1,75.72791290283203,139.0189971923828
4,1,75.25755310058594,139.8001708984375
4,1,74.77569580078125,140.54013061523438
4,1,74.28260803222656,141.24017333984375
4,1,73.7785873413086,141.90164184570312
4,1,73.26390075683594,142.52584838867188
4,1,72.73882293701172,143.11410522460938
4,1,72.20364379882812,143.667724609375
4,1,71.65863800048828,144.1880340576172
4,1,71.10408020019531,144.67633056640625
4,1,70.5402603149414,145.1339569091797
4,1,69.96744537353516,145.5622100830078
4,1,69.38591766357422,145.96243286132812
4,1,68.79595184326172,146.33590698242188
4,1,68.19783782958984,146.68397521972656
4,1,67.59185028076172,147.00794982910156
4,1,66.97826385498047,147.30914306640625
4,1,66.35736083984375,147.58888244628906
4,1,65.72941589355469,147.8484649658203
4,1,65.09471130371094,148.0892333984375
4,1,64.45352935791016,148.31248474121094
4,1,63.8061408996582,148.51954650878906
4,1,63.15283203125,148.71173095703125
4,1,62.49387741088867,148.89035034179688
4,1,61.82955551147461,149.05674743652344
4,1,61.16014862060547,149.2122039794922
4,1,60.48593521118164,149.35806274414062
4,1,59.80718994140625,149.49562072753906
4,1,59.12419509887695,149.626220703125
4,1,58.43722915649414,149.75115966796875
4,1,57.7465705871582,149.8717498779297
4,1,57.052494049072266,149.9893341064453
4,1,56.355289459228516,150.10520935058594
4,1,55.65522384643555,150.220703125
4,1,54.95258331298828,150.3371124267578
4,1,54.247642517089844,150.45578002929688
4,1,53.54068374633789,150.57801818847656
4,1,52.83198165893555,150.7051239013672
4,1,52.121822357177734,150.83843994140625
4,1,51.41047668457031,150.97926330566406
4,1,50.69822692871094,151.12893676757812
4,1,49.9853515625,151.2887420654297
4,1,49.27212905883789,151.4600372314453
4,1,48.558841705322266,151.64410400390625
4,1,47.84576416015625,151.84226989746094
4,1,47.133174896240234,152.0558624267578
4,1,46.421356201171875,152.2861785888672
4,1,45.71058654785156,152.53456115722656
4,1,45.00114059448242,152.80230712890625
4,1,44.29330062866211,153.0907440185547
4,1,43.587345123291016,153.4011993408203
4,1,42.8835563659668,153.73495483398438
4,1,42.18220520019531,154.09336853027344
4,1,41.48357391357422,154.4777374267578
4,1,40.78794479370117,154.88937377929688
4,1,40.09559631347656,155.32958984375
4,1,39.40679931640625,155.7997283935547
4,1,38.72184371948242,156.3011016845703
4,1,38.04100036621094,156.8350067138672
4,1,36.89100000000001,157.80800000000002
5,1,166.5,167.5
5,1,167.27760314941406,166.5428009033203
5,1,168.0409698486328,165.59228515625
5,1,168.79014587402344,164.64822387695312
5,1,169.5251922607422,163.7103729248047
5,1,170.24618530273438,162.7785186767578
5,1,170.9531707763672,161.8524169921875
5,1,171.64620971679688,160.9318389892578
5,1,172.32537841796875,160.01654052734375
5,1,172.99070739746094,159.10629272460938
5,1,173.64227294921875,158.20086669921875
5,1,174.28013610839844,157.30001831054688
5,1,174.9043426513672,156.40353393554688
5,1,175.51498413085938,155.5111541748047
5,1,176.11207580566406,154.62265014648438
5,1,176.6957244873047,153.73780822753906
5,1,177.2659454345703,152.8563690185547
5,1,177.8228302001953,151.97811889648438
5,1,178.36642456054688,151.10279846191406
5,1,178.89678955078125,150.23020935058594
5,1,179.41400146484375,149.36009216308594
5,1,179.9180908203125,148.49221801757812
5,1,180.4091339111328,147.62635803222656
5,1,180.88719177246094,146.7622833251953
5,1,181.35231018066406,145.8997344970703
5,1,181.80458068847656,145.03851318359375
5,1,182.2440185546875,144.17835998535156
5,1,182.67071533203125,143.3190460205078
5,1,183.08473205566406,142.46034240722656
5,1,183.48611450195312,141.6020050048828
5,1,183.8749237060547,140.7438201904297
5,1,184.251220703125,139.88552856445312
5,1,184.6150665283203,139.02691650390625
5,1,184.96652221679688,138.16773986816406
5,1,185.30564880371094,137.30776977539062
5,1,185.63250732421875,136.44677734375
5,1,185.9471435546875,135.5845184326172
5,1,186.2496337890625,134.72076416015625
5,1,186.5400390625,133.8552703857422
5,1,186.8184051513672,132.98782348632812
5,1,187.0847930908203,132.1181640625
5,1,187.3392791748047,131.24607849121094
5,1,187.58189392089844,130.371337890625
5,1,187.81272888183594,129.49368286132812
5,1,188.03182983398438,128.61289978027344
5,1,188.2392578125,127.72874450683594
5,1,188.43507385253906,126.84099578857422
5,1,188.61932373046875,125.94940185546875
5,1,188.79208374023438,125.05374145507812
5,1,188.9534149169922,124.1537857055664
5,1,189.10336303710938,123.24928283691406
5,1,189.2419891357422,122.34001159667969
5,1,189.36936950683594,121.42573547363281
5,1,189.48556518554688,120.5062255859375
5,1,189.59060668945312,119.58123779296875
5,1,189.6845703125,118.65054321289062
5,1,189.7675323486328,117.71391296386719
5,1,189.8395233154297,116.77110290527344
5,1,189.90061950683594,115.82189178466797
5,1,189.9508819580078,114.86603546142578
5,1,189.99037170410156,113.9032974243164
5,1,190.01913452148438,112.93345642089844
5,1,190.03724670410156,111.95626831054688
5,1,190.0447540283203,110.97150421142578
5,1,190.04171752929688,109.97892761230469
5,1,190.02821350097656,108.97830963134766
5,1,190.00428771972656,107.96941375732422
5,1,189.97000122070312,106.9520034790039
5,1,189.92381286621094,105.9210205078125
5,1,189.8650665283203,104.89688110351562
5,1,189.79364013671875,103.87931823730469
5,1,189.7094268798828,102.86808013916016
5,1,189.6123046875,101.8628921508789
5,1,189.50213623046875,100.86349487304688
5,1,189.37879943847656,99.86963653564453
5,1,189.24220275878906,98.88104248046875
5,1,189.0922088623047,97.8974609375
5,1,188.92869567871094,96.91862487792969
5,1,188.7515411376953,95.94426727294922
5,1,188.56063842773438,94.97413635253906
5,1,188.35585021972656,94.00796508789062
5,1,188.13706970214844,93.04549407958984
5,1,187.90415954589844,92.08646392822266
5,1,187.6570281982422,91.13059997558594
5,1,187.39553833007812,90.17765808105469
5,1,187.11956787109375,89.22735595703125
5,1,186.82899475097656,88.27944946289062
5,1,186.52369689941406,87.33367156982422
5,1,186.2035675048828,86.38976287841797
5,1,185.8684844970703,85.44744873046875
5,1,185.51832580566406,84.50648498535156
5,1,185.15296936035156,83.56659698486328
5,1,184.77227783203125,82.62752532958984
5,1,184.37615966796875,81.68901062011719
5,1,183.9644775390625,80.75079345703125
5,1,183.53712463378906,79.81260681152344
5,1,183.09396362304688,78.87419128417969
5,1,182.6348876953125,77.93528747558594
5,1,182.15977478027344,76.9956283569336
5,1,181.6685028076172,76.05494689941406
5,1,181.1609344482422,75.11299896240234
5,1,180.63697814941406,74.16950988769531
5,1,180.0965118408203,73.2242202758789
5,1,179.53939819335938,72.27686309814453
5,1,178.96551513671875,71.32718658447266
5,1,178.374755859375,70.37492370605469
5,1,177.76699829101562,69.41981506347656
5,1,177.14212036132812,68.46159362792969
5,1,176.5,67.5
6,1,176.5,67.5
6,1,175.87384033203125,68.24020385742188
6,1,175.23876953125,68.93986511230469
6,1,174.59494018554688,69.60014343261719
6,1,173.9425506591797,70.22219848632812
6,1,173.28176879882812,70.80719757080078
6,1,172.61276245117188,71.35629272460938
6,1,171.93572998046875,71.87065124511719
6,1,171.25082397460938,72.35143280029297
6,1,170.55824279785156,72.79979705810547
6,1,169.858154296875,73.21691131591797
6,1,169.15072631835938,73.60392761230469
6,1,168.4361572265625,73.9620132446289
6,1,167.714599609375,74.29232788085938
6,1,166.98623657226562,74.59603118896484
6,1,166.2512664794922,74.8742904663086
6,1,165.5098419189453,75.12825775146484
6,1,164.76214599609375,75.35910034179688
6,1,164.00836181640625,75.56798553466797
6,1,163.2486572265625,75.75605773925781
6,1,162.48321533203125,75.92449188232422
6,1,161.7122039794922,76.0744400024414
6,1,160.93582153320312,76.20707702636719
6,1,160.1542205810547,76.32354736328125
6,1,159.36758422851562,76.42501831054688
6,1,158.5760955810547,76.51265716552734
6,1,157.77992248535156,76.5876235961914
6,1,156.97926330566406,76.65106964111328
6,1,156.1742706298828,76.70417022705078
6,1,155.36512756347656,76.74807739257812
6,1,154.55201721191406,76.78395080566406
6,1,153.735107421875,76.81295013427734
6,1,152.91458129882812,76.83625030517578
6,1,152.0906219482422,76.8550033569336
6,1,151.26339721679688,76.870361328125
6,1,150.43309020996094,76.88350677490234
6,1,149.599853515625,76.89558410644531
6,1,148.76390075683594,76.90775299072266
6,1,147.92538452148438,76.92118835449219
6,1,147.08448791503906,76.93704223632812
6,1,146.24139404296875,76.95648193359375
6,1,145.39627075195312,76.98065948486328
6,1,144.54930114746094,77.0107421875
6,1,143.70065307617188,77.04788208007812
6,1,142.85052490234375,77.09326171875
6,1,141.99905395507812,77.14801788330078
6,1,141.14645385742188,77.21333312988281
6,1,140.2928924560547,77.29035186767578
6,1,139.43853759765625,77.38024139404297
6,1,138.5835723876953,77.48416137695312
6,1,137.72817993164062,77.60327911376953
6,1,136.87252807617188,77.73875427246094
6,1,136.01678466796875,77.89173889160156
6,1,135.16114807128906,78.06340026855469
6,1,134.30577087402344,78.2549057006836
6,1,133.4508514404297,78.4674072265625
6,1,132.5965576171875,78.70207214355469
6,1,131.74307250976562,78.96005249023438
6,1,130.89056396484375,79.24252319335938
6,1,130.03921508789062,79.5506362915039
6,1,129.18919372558594,79.88555145263672
6,1,128.34068298339844,80.2484359741211
6,1,127.49386596679688,80.64044952392578
6,1,126.64891052246094,81.06275177001953
6,1,125.80599975585938,81.5165023803711
6,1,124.96530151367188,82.00286102294922
6,1,124.12699890136719,82.52300262451172
6,1,123.28157806396484,83.0793228149414
6,1,122.45710754394531,83.64907836914062
6,1,121.65354919433594,84.23194885253906
6,1,120.87088012695312,84.82759857177734
6,1,120.10904693603516,85.43571472167969
6,1,119.36802673339844,86.05596160888672
6,1,118.64778137207031,86.68801879882812
6,1,117.94827270507812,87.33155822753906
6,1,117.26946258544922,87.98625946044922
6,1,116.61132049560547,88.65179443359375
6,1,115.97380828857422,89.32782745361328
6,1,115.35688781738281,90.01405334472656
6,1,114.76052856445312,90.71012878417969
6,1,114.1846923828125,91.41573333740234
6,1,113.62934875488281,92.13054656982422
6,1,113.09444427490234,92.85423278808594
6,1,112.57996368408203,93.58647918701172
6,1,112.08586120605469,94.32695007324219
6,1,111.61209869384766,95.07532501220703
6,1,111.15864562988281,95.8312759399414
6,1,110.72547149658203,96.59447479248047
6,1,110.3125228881836,97.36460876464844
6,1,109.91978454589844,98.1413345336914
6,1,109.54720306396484,98.9243392944336
6,1,109.19475555419922,99.71329498291016
6,1,108.8624038696289,100.50787353515625
6,1,108.55010223388672,101.30774688720703
6,1,108.25782775878906,102.11260223388672
6,1,107.98553466796875,102.9220962524414
6,1,107.73319244384766,103.73591613769531
6,1,107.50077056884766,104.55372619628906
6,1,107.28822326660156,105.37521362304688
6,1,107.09551239013672,106.20004272460938
6,1,106.92261505126953,107.02789306640625
6,1,106.76949310302734,107.85843658447266
6,1,106.63610076904297,108.69135284423828
6,1,106.52240753173828,109.52630615234375
6,1,106.42837524414062,110.36298370361328
6,1,106.35397338867188,111.2010498046875
6,1,106.29916381835938,112.04017639160156
6,1,106.263916015625,112.88005065917969
6,1,106.24818420410156,113.7203369140625
6,1,106.25193786621094,114.56071472167969
6,1,106.27513885498047,115.40086364746094
6,1,106.31775665283203,116.24044036865234
6,1,106.37974548339844,117.07913970947266
6,1,106.4610824584961,117.91661834716797
6,1,106.56172180175781,118.7525634765625
6,1,106.68163299560547,119.5866470336914
6,1,106.8207778930664,120.41854095458984
6,1,106.97911834716797,121.24791717529297
6,1,107.15662384033203,122.07445526123047
6,1,107.35325622558594,122.8978271484375
6,1,107.56898498535156,123.71770477294922
6,1,107.80376434326172,124.53377532958984
6,1,108.05756378173828,125.34569549560547
6,1,108.3303451538086,126.15315246582031
6,1,108.62207794189453,126.95581817626953
6,1,108.9327163696289,127.75335693359375
6,1,109.26223754882812,128.5454559326172
6,1,109.610595703125,129.331787109375
6,1,109.9777603149414,130.11203002929688
6,1,110.36369323730469,130.88583374023438
6,1,110.76835632324219,131.6529083251953
6,1,111.19171905517578,132.41290283203125
6,1,111.63375091552734,133.16549682617188
6,1,112.09439849853516,133.91036987304688
6,1,112.57363891601562,134.64720153808594
6,1,113.0714340209961,135.3756561279297
6,1,113.58775329589844,136.0954132080078
6,1,114.12254333496094,136.80613708496094
6,1,114.67578887939453,137.50750732421875
6,1,115.24744415283203,138.19921875
6,1,115.83747100830078,138.88092041015625
6,1,116.44584655761719,139.5522918701172
6,1,117.07251739501953,140.2130126953125
6,1,117.71746063232422,140.8627471923828
6,1,118.38063049316406,141.50119018554688
6,1,119.06199645996094,142.1280059814453
6,1,119.76802062988281,142.74285888671875
6,1,120.48812103271484,143.3314666748047
6,1,121.22174072265625,143.89486694335938
6,1,121.96830749511719,144.43409729003906
6,1,122.72726440429688,144.9502410888672
6,1,123.498046875,145.44430541992188
6,1,124.28007507324219,145.91737365722656
6,1,125.07280731201172,146.37049865722656
6,1,125.87566375732422,146.80470275878906
6,1,126.68807983398438,147.22105407714844
6,1,127.5094985961914,147.62060546875
6,1,128.33935546875,148.00440979003906
6,1,129.17706298828125,148.37350463867188
6,1,130.0220947265625,148.7289581298828
6,1,130.8738555908203,149.07180786132812
6,1,131.7318115234375,149.40310668945312
6,1,132.59535217285156,149.72390747070312
6,1,133.46395874023438,150.03526306152344
6,1,134.3370361328125,150.3382110595703
6,1,135.2140350341797,150.6338348388672
6,1,136.09439086914062,150.9231414794922
6,1,136.97752380371094,151.20721435546875
6,1,137.86288452148438,151.48709106445312
6,1,138.74990844726562,151.76382446289062
6,1,139.6380157470703,152.03846740722656
6,1,140.5266571044922,152.31207275390625
6,1,141.41526794433594,152.58567810058594
6,1,142.30328369140625,152.8603515625
6,1,143.19012451171875,153.1371307373047
6,1,144.0752410888672,153.4170684814453
6,1,144.9580535888672,153.7012176513672
6,1,145.83802795410156,153.99063110351562
6,1,146.71456909179688,154.28636169433594
6,1,147.5871124267578,154.58946228027344
6,1,148.45510864257812,154.90097045898438
6,1,149.3179931640625,155.22193908691406
6,1,150.17520141601562,155.55343627929688
6,1,151.02615356445312,155.89649963378906
6,1,151.87030029296875,156.25216674804688
6,1,152.70706176757812,156.62152099609375
6,1,153.535888671875,157.00558471679688
6,1,154.35621643066406,157.40542602539062
6,1,155.16746520996094,157.82208251953125
6,1,155.96908569335938,158.25660705566406
6,1,156.76051330566406,158.71006774902344
6,1,157.54116821289062,159.18348693847656
6,1,158.3105010986328,159.6779327392578
6,1,159.06793212890625,160.1944580078125
6,1,159.8129119873047,160.73411560058594
6,1,160.5448760986328,161.29794311523438
6,1,161.26324462890625,161.88699340820312
6,1,161.96746826171875,162.50233459472656
6,1,162.65696716308594,163.14498901367188
6,1,163.33119201660156,163.81602478027344
6,1,163.9895782470703,164.51649475097656
6,1,164.6315460205078,165.24745178222656
6,1,165.2565460205078,166.0099334716797
6,1,165.86399841308594,166.80499267578125
6,1,166.5,167.50099999999998
7,1,13.244999885559082,227.7550048828125
7,1,13.163928985595703,226.75363159179688
7,1,13.08298397064209,225.75216674804688
7,1,13.002167701721191,224.75062561035156
7,1,12.921480178833008,223.74899291992188
7,1,12.840924263000488,222.74728393554688
7,1,12.760501861572266,221.74549865722656
7,1,12.680213928222656,220.74363708496094
7,1,12.60006332397461,219.74168395996094
7,1,12.520050048828125,218.73965454101562
7,1,12.440177917480469,217.737548828125
7,1,12.360447883605957,216.73536682128906
7,1,12.280861854553223,215.7331085205078
7,1,12.201420783996582,214.7307586669922
7,1,12.122127532958984,213.7283477783203
7,1,12.042983055114746,212.72586059570312
7,1,11.9639892578125,211.72329711914062
7,1,11.885149002075195,210.72064208984375
7,1,11.806462287902832,209.7179412841797
7,1,11.727932929992676,208.71514892578125
7,1,11.649560928344727,207.7122802734375
7,1,11.571348190307617,206.7093505859375
7,1,11.493297576904297,205.7063446044922
7,1,11.415410041809082,204.70327758789062
7,1,11.337687492370605,203.70013427734375
7,1,11.2601318359375,202.69691467285156
7,1,11.182744979858398,201.69363403320312
7,1,11.105527877807617,200.69027709960938
7,1,11.028483390808105,199.68685913085938
7,1,10.951613426208496,198.68338012695312
7,1,10.874917984008789,197.67982482910156
7,1,10.79840087890625,196.67620849609375
7,1,10.722063064575195,195.6725311279297
7,1,10.645905494689941,194.6687774658203
7,1,10.569931030273438,193.6649627685547
7,1,10.494141578674316,192.6610870361328
7,1,10.418538093566895,191.6571502685547
7,1,10.343122482299805,190.6531524658203
7,1,10.267897605895996,189.6490936279297
7,1,10.192863464355469,188.6449737548828
7,1,10.118022918701172,187.6407928466797
7,1,10.043377876281738,186.6365509033203
7,1,9.968929290771484,185.6322479248047
7,1,9.89468002319336,184.62789916992188
7,1,9.82063102722168,183.62347412109375
7,1,9.746784210205078,182.61900329589844
7,1,9.673141479492188,181.61448669433594
7,1,9.59970474243164,180.60989379882812
7,1,9.526474952697754,179.60525512695312
7,1,9.453454971313477,178.60055541992188
7,1,9.380645751953125,177.59580993652344
7,1,9.308050155639648,176.59100341796875
7,1,9.235669136047363,175.58615112304688
7,1,9.163503646850586,174.5812530517578
7,1,9.091557502746582,173.5762939453125
7,1,9.019830703735352,172.5712890625
7,1,8.948326110839844,171.56622314453125
7,1,8.877044677734375,170.5611114501953
7,1,8.805988311767578,169.5559539794922
7,1,8.735158920288086,168.55075073242188
7,1,8.664559364318848,167.54550170898438
7,1,8.594189643859863,166.5402069091797
7,1,8.524052619934082,165.53485107421875
7,1,8.45414924621582,164.5294647216797
7,1,8.384482383728027,163.52403259277344
7,1,8.31505298614502,162.51853942871094
7,1,8.24586296081543,161.5130157470703
7,1,8.17691421508789,160.5074462890625
7,1,8.108208656311035,159.5018310546875
7,1,8.039748191833496,158.49618530273438
7,1,7.971533298492432,157.490478515625
7,1,7.903567314147949,156.48475646972656
7,1,7.835851669311523,155.47897338867188
7,1,7.768387794494629,154.47315979003906
7,1,7.70117712020874,153.46730041503906
7,1,7.634222030639648,152.46141052246094
7,1,7.567524433135986,151.45547485351562
7,1,7.5010857582092285,150.4495086669922
7,1,7.43490743637085,149.44349670410156
7,1,7.368991851806641,148.4374542236328
7,1,7.303340435028076,147.43138122558594
7,1,7.237955093383789,146.42527770996094
7,1,7.172837734222412,145.41912841796875
7,1,7.10798978805542,144.41294860839844
7,1,7.0434136390686035,143.40673828125
7,1,6.979110240936279,142.40049743652344
7,1,6.91508150100708,141.39422607421875
7,1,6.851329803466797,140.38792419433594
7,1,6.787856578826904,139.38157653808594
7,1,6.724663257598877,138.37521362304688
7,1,6.661752223968506,137.3688201904297
7,1,6.599124431610107,136.36239624023438
7,1,6.536782741546631,135.35595703125
7,1,6.474728107452393,134.34947204589844
7,1,6.412962436676025,133.3429718017578
7,1,6.351487636566162,132.33644104003906
7,1,6.2903056144714355,131.3298797607422
7,1,6.2294182777404785,130.32330322265625
7,1,6.168826580047607,129.3166961669922
7,1,6.108532905578613,128.31007385253906
7,1,6.048539161682129,127.30342102050781
7,1,5.988846778869629,126.2967529296875
7,1,5.929457664489746,125.29005432128906
7,1,5.870373249053955,124.28334045410156
7,1,5.811595916748047,123.27660369873047
7,1,5.753127098083496,122.26985168457031
7,1,5.6949687004089355,121.26307678222656
7,1,5.63712215423584,120.25628662109375
7,1,5.57958984375,119.24947357177734
7,1,5.522372722625732,118.24264526367188
7,1,5.465473175048828,117.23580169677734
7,1,5.40889310836792,116.22894287109375
7,1,5.352633953094482,115.2220687866211
7,1,5.29669713973999,114.21517944335938
7,1,5.241085052490234,113.2082748413086
7,1,5.1857991218566895,112.20135498046875
7,1,5.130841255187988,111.19442749023438
7,1,5.076213359832764,110.18748474121094
7,1,5.021917343139648,109.18052673339844
7,1,4.967954158782959,108.1735610961914
7,1,4.914326190948486,107.16658782958984
7,1,4.861035346984863,106.15960693359375
7,1,4.8080830574035645,105.1526107788086
7,1,4.755471229553223,104.1456069946289
7,1,4.7032012939453125,103.13859558105469
7,1,4.651275634765625,102.13157653808594
7,1,4.599695682525635,101.12454986572266
7,1,4.548463344573975,100.11752319335938
7,1,4.497580528259277,99.11048889160156
7,1,4.447048187255859,98.10344696044922
7,1,4.39686918258667,97.09639739990234
7,1,4.347044467926025,96.08935546875
7,1,4.297576427459717,95.0822982788086
7,1,4.248466491699219,94.07524871826172
7,1,4.199716567993164,93.06819152832031
7,1,4.151328086853027,92.0611343383789
7,1,4.103302955627441,91.0540771484375
7,1,4.055643558502197,90.0470199584961
7,1,4.008350849151611,89.03997039794922
7,1,3.9614269733428955,88.03291320800781
7,1,3.9148736000061035,87.02586364746094
7,1,3.868692636489868,86.01881408691406
7,1,3.822885751724243,85.01176452636719
7,1,3.7774548530578613,84.00472259521484
7,1,3.7324013710021973,82.99768829345703
7,1,3.687727451324463,81.99065399169922
7,1,3.643434762954712,80.98362731933594
7,1,3.599524974822998,79.97660827636719
7,1,3.555999994277954,78.96959686279297
7,1,3.512861490249634,77.96259307861328
7,1,3.470111131668091,76.9555892944336
7,1,3.427750825881958,75.94860076904297
7,1,3.385782480239868,74.9416275024414
7,1,3.344207525253296,73.93465423583984
7,1,3.303028106689453,72.92770385742188
7,1,3.2622458934783936,71.9207534790039
7,1,3.221862316131592,70.913818359375
7,1,3.1818795204162598,69.90689849853516
7,1,3.142299175262451,68.89999389648438
7,1,3.103123188018799,67.89309692382812
7,1,3.0643529891967773,66.88621520996094
7,1,3.0259907245635986,65.87934875488281
7,1,2.9880378246307373,64.87250518798828
7,1,2.950496196746826,63.86566925048828
7,1,2.913367748260498,62.858856201171875
7,1,2.8766541481018066,61.85205841064453
7,1,2.8403573036193848,60.845279693603516
7,1,2.804478645324707,59.83851623535156
7,1,2.7690200805664062,58.8317756652832
7,1,2.7339837551116943,57.82505416870117
7,1,2.699370861053467,56.818355560302734
7,1,2.6651835441589355,55.811676025390625
7,1,2.6314234733581543,54.80501937866211
7,1,2.5980923175811768,53.79838562011719
7,1,2.5651919841766357,52.79177474975586
7,1,2.532724380493164,51.785186767578125
7,1,2.5006909370422363,50.77862548828125
7,1,2.4690935611724854,49.77208709716797
7,1,2.437934160232544,48.76557540893555
7,1,2.407214403152466,47.759090423583984
7,1,2.3769359588623047,46.75263214111328
7,1,2.3471007347106934,45.74620056152344
7,1,2.3177106380462646,44.73979949951172
7,1,2.288767099380493,43.73342514038086
7,1,2.2602720260620117,42.727081298828125
7,1,2.232227325439453,41.72076416015625
7,1,2.204634666442871,40.714481353759766
7,1,2.1774959564208984,39.708229064941406
7,1,2.1508126258850098,38.70201110839844
7,1,2.124586820602417,37.695823669433594
7,1,2.0988199710845947,36.689666748046875
7,1,2.073514223098755,35.68354797363281
7,1,2.048671007156372,34.677459716796875
7,1,2.024292230606079,33.671409606933594
7,1,2.0003795623779297,32.6653938293457
7,1,1.9769351482391357,31.659414291381836
7,1,1.9539602994918823,30.653470993041992
7,1,1.9314570426940918,29.647565841674805
7,1,1.9094271659851074,28.641700744628906
7,1,1.8878722190856934,27.63587188720703
7,1,1.866794228553772,26.630083084106445
7,1,1.846194863319397,25.62433433532715
7,1,1.826075792312622,24.618627548217773
7,1,1.80643892288208,23.612960815429688
7,1,1.7872860431671143,22.607336044311523
7,1,1.7686188220977783,21.601755142211914
7,1,1.7504390478134155,20.596216201782227
7,1,1.7327485084533691,19.59071922302246
7,1,1.715549111366272,18.585269927978516
7,1,1.6988424062728882,17.579864501953125
7,1,1.682630181312561,16.57450294494629
7,1,1.666914463043213,15.569189071655273
7,1,1.6516966819763184,14.563922882080078
7,1,1.6369788646697998,13.558703422546387
7,1,1.622762680053711,12.553531646728516
7,1,1.609049916267395,11.548408508300781
7,1,1.5958423614501953,10.543335914611816
7,1,1.583141803741455,9.538311958312988
7,1,1.570949912071228,8.533339500427246
7,1,1.5592684745788574,7.528418064117432
7,1,1.548099398612976,6.523548603057861
7,1,1.5374443531036377,5.518731594085693
7,1,1.5273051261901855,4.513967514038086
7,1,1.5176833868026733,3.5092570781707764
7,1,1.5085811614990234,2.504601001739502
7,1,1.5,1.5
8,1,224.64700317382812,215.67999267578125
8,1,223.65184020996094,215.89007568359375
8,1,222.65635681152344,216.0983123779297
8,1,221.66053771972656,216.30471801757812
8,1,220.66439819335938,216.5093231201172
8,1,219.6679229736328,216.7121124267578
8,1,218.671142578125,216.9131317138672
8,1,217.67404174804688,217.11239624023438
8,1,216.6766357421875,217.30990600585938
8,1,215.67892456054688,217.50570678710938
8,1,214.68089294433594,217.6997833251953
8,1,213.6825714111328,217.8921661376953
8,1,212.68394470214844,218.08287048339844
8,1,211.68502807617188,218.27191162109375
8,1,210.68582153320312,218.45932006835938
8,1,209.6863250732422,218.6450958251953
8,1,208.68655395507812,218.8292694091797
8,1,207.68649291992188,219.0118408203125
8,1,206.6861572265625,219.19284057617188
8,1,205.685546875,219.37228393554688
8,1,204.68466186523438,219.55018615722656
8,1,203.6835174560547,219.7265625
8,1,202.68209838867188,219.90142822265625
8,1,201.680419921875,220.07481384277344
8,1,200.67848205566406,220.2467041015625
8,1,199.67630004882812,220.4171600341797
8,1,198.6738739013672,220.58615112304688
8,1,197.6711883544922,220.7537384033203
8,1,196.6682586669922,220.91990661621094
8,1,195.6650848388672,221.08470153808594
8,1,194.66168212890625,221.24810791015625
8,1,193.65805053710938,221.41015625
8,1,192.6541748046875,221.5708770751953
8,1,191.65008544921875,221.7302703857422
8,1,190.64576721191406,221.8883514404297
8,1,189.6412353515625,222.04515075683594
8,1,188.636474609375,222.20068359375
8,1,187.63150024414062,222.35494995117188
8,1,186.62632751464844,222.5079803466797
8,1,185.62094116210938,222.65980529785156
8,1,184.6153564453125,222.81040954589844
8,1,183.6095733642578,222.95982360839844
8,1,182.6035919189453,223.1080780029297
8,1,181.597412109375,223.2551727294922
8,1,180.59104919433594,223.40113830566406
8,1,179.58450317382812,223.5459747314453
8,1,178.5777587890625,223.68971252441406
8,1,177.5708465576172,223.83236694335938
8,1,176.5637664794922,223.9739532470703
8,1,175.55650329589844,224.11447143554688
8,1,174.549072265625,224.25396728515625
8,1,173.54147338867188,224.39244079589844
8,1,172.53372192382812,224.52992248535156
8,1,171.5258026123047,224.66641235351562
8,1,170.51773071289062,224.8019256591797
8,1,169.50950622558594,224.93649291992188
8,1,168.50112915039062,225.07012939453125
8,1,167.4925994873047,225.20285034179688
8,1,166.48394775390625,225.3346710205078
8,1,165.4751434326172,225.46560668945312
8,1,164.46621704101562,225.59567260742188
8,1,163.45713806152344,225.7248992919922
8,1,162.4479522705078,225.853271484375
8,1,161.43862915039062,225.98085021972656
8,1,160.42918395996094,226.1076202392578
8,1,159.4196319580078,226.2335968017578
8,1,158.4099578857422,226.35882568359375
8,1,157.40016174316406,226.48329162597656
8,1,156.39027404785156,226.60704040527344
8,1,155.38026428222656,226.73007202148438
8,1,154.37017822265625,226.85240173339844
8,1,153.35997009277344,226.9740447998047
8,1,152.3496856689453,227.09503173828125
8,1,151.33929443359375,227.21536254882812
8,1,150.32882690429688,227.33506774902344
8,1,149.31826782226562,227.45416259765625
8,1,148.30763244628906,227.57266235351562
8,1,147.2969207763672,227.69056701660156
8,1,146.2861328125,227.80792236328125
8,1,145.2752685546875,227.9247283935547
8,1,144.26434326171875,228.041015625
8,1,143.2533416748047,228.15676879882812
8,1,142.24229431152344,228.2720489501953
8,1,141.23118591308594,228.3868408203125
8,1,140.22003173828125,228.50115966796875
8,1,139.2088165283203,228.61505126953125
8,1,138.1975555419922,228.728515625
8,1,137.18624877929688,228.841552734375
8,1,136.17491149902344,228.95420837402344
8,1,135.1635284423828,229.0664825439453
8,1,134.15211486816406,229.1783905029297
8,1,133.1406707763672,229.2899627685547
8,1,132.1291961669922,229.40121459960938
8,1,131.11769104003906,229.51214599609375
8,1,130.10618591308594,229.62278747558594
8,1,129.0946502685547,229.733154296875
8,1,128.08309936523438,229.84326171875
8,1,127.07154846191406,229.953125
8,1,126.05998992919922,230.06275939941406
8,1,125.04843139648438,230.1721954345703
8,1,124.036865234375,230.28143310546875
8,1,123.02530670166016,230.3905029296875
8,1,122.01375579833984,230.49940490722656
8,1,121.00221252441406,230.60816955566406
8,1,119.99068450927734,230.71681213378906
8,1,118.97917175292969,230.82534790039062
8,1,117.96768188476562,230.9337921142578
8,1,116.95621490478516,231.0421600341797
8,1,115.94477844238281,231.15048217773438
8,1,114.9333724975586,231.2587432861328
8,1,113.9219970703125,231.36700439453125
8,1,112.89098358154297,231.477294921875
8,1,111.85978698730469,231.58734130859375
8,1,110.82843017578125,231.69692993164062
8,1,109.7968978881836,231.8057861328125
8,1,108.76519012451172,231.91368103027344
8,1,107.73330688476562,232.02035522460938
8,1,106.70125579833984,232.12557983398438
8,1,105.66902160644531,232.22911071777344
8,1,104.63660430908203,232.33070373535156
8,1,103.60401153564453,232.4300994873047
8,1,102.57124328613281,232.52706909179688
8,1,101.53829193115234,232.62135314941406
8,1,100.5051498413086,232.7127227783203
8,1,99.47183227539062,232.80091857910156
8,1,98.43832397460938,232.88571166992188
8,1,97.40463256835938,232.9668426513672
8,1,96.3707504272461,233.04408264160156
8,1,95.33667755126953,233.11717224121094
8,1,94.30241394042969,233.1858673095703
8,1,93.2679672241211,233.24993896484375
8,1,92.23332214355469,233.30914306640625
8,1,91.19847869873047,233.3632049560547
8,1,90.16344451904297,233.4119110107422
8,1,89.12821197509766,233.4550018310547
8,1,88.09278869628906,233.4922332763672
8,1,87.05715942382812,233.52337646484375
8,1,86.02133178710938,233.5481719970703
8,1,84.98530578613281,233.56637573242188
8,1,83.9490737915039,233.57774353027344
8,1,82.91263580322266,233.58203125
8,1,81.8759994506836,233.57899475097656
8,1,80.82250213623047,233.56826782226562
8,1,79.7692642211914,233.55006408691406
8,1,78.71627044677734,233.52468872070312
8,1,77.66352844238281,233.4924774169922
8,1,76.61102294921875,233.45376586914062
8,1,75.55874633789062,233.4088592529297
8,1,74.50670623779297,233.3581085205078
8,1,73.45488739013672,233.30181884765625
8,1,72.40328979492188,233.24032592773438
8,1,71.3519058227539,233.1739501953125
8,1,70.30072784423828,233.10302734375
8,1,69.24974822998047,233.0278778076172
8,1,68.198974609375,232.94882202148438
8,1,67.14839172363281,232.86619567871094
8,1,66.09799194335938,232.7803192138672
8,1,65.04777526855469,232.69151306152344
8,1,63.99774169921875,232.60012817382812
8,1,62.9478759765625,232.50645446777344
8,1,61.89817810058594,232.4108428955078
8,1,60.84864044189453,232.31361389160156
8,1,59.799259185791016,232.21507263183594
8,1,58.75002670288086,232.11558532714844
8,1,57.70094299316406,232.0154571533203
8,1,56.652000427246094,231.9149932861328
8,1,55.618499755859375,231.81593322753906
8,1,54.584999084472656,231.71685791015625
8,1,53.55149841308594,231.61778259277344
8,1,52.518001556396484,231.5187225341797
8,1,51.484500885009766,231.41964721679688
8,1,50.45100021362305,231.32057189941406
8,1,49.41749954223633,231.2215118408203
8,1,48.38399887084961,231.1224365234375
8,1,47.35049819946289,231.0233612060547
8,1,46.31700134277344,230.92430114746094
8,1,45.28350067138672,230.82522583007812
8,1,44.25,230.72616577148438
8,1,43.21649932861328,230.62710571289062
8,1,42.18299865722656,230.5280303955078
8,1,41.14950180053711,230.42897033691406
8,1,40.11600112915039,230.3299102783203
8,1,39.08250045776367,230.23085021972656
8,1,38.04899978637695,230.1317901611328
8,1,37.015499114990234,230.03273010253906
8,1,35.981998443603516,229.93368530273438
8,1,34.94850158691406,229.83462524414062
8,1,33.915000915527344,229.73556518554688
8,1,32.881500244140625,229.6365203857422
8,1,31.847999572753906,229.5374755859375
8,1,30.81450080871582,229.4384307861328
8,1,29.7810001373291,229.33938598632812
8,1,28.747499465942383,229.24034118652344
8,1,27.714000701904297,229.14129638671875
8,1,26.680500030517578,229.04225158691406
8,1,25.64699935913086,228.94322204589844
8,1,24.613500595092773,228.8441925048828
8,1,23.579999923706055,228.7451629638672
8,1,22.546499252319336,228.64613342285156
8,1,21.51300048828125,228.54710388183594
8,1,20.47949981689453,228.4480743408203
8,1,19.445999145507812,228.34906005859375
8,1,18.412500381469727,228.2500457763672
8,1,17.378999710083008,228.15103149414062
8,1,16.345500946044922,228.05201721191406
8,1,15.312000274658203,227.9530029296875
8,1,14.278499603271484,227.85400390625
8,1,13.244999885559082,227.7550048828125
9,1,216.77699279785156,2.1070001125335693
9,1,216.97830200195312,3.0879251956939697
9,1,217.1772918701172,4.069148540496826
9,1,217.37399291992188,5.0506672859191895
9,1,217.5684051513672,6.032480239868164
9,1,217.76052856445312,7.014585018157959
9,1,217.95040893554688,7.996979713439941
9,1,218.13803100585938,8.979662895202637
9,1,218.32339477539062,9.962632179260254
9,1,218.5065460205078,10.94588565826416
9,1,218.68746948242188,11.929421424865723
9,1,218.86618041992188,12.913236618041992
9,1,219.0426788330078,13.897331237792969
9,1,219.21701049804688,14.881702423095703
9,1,219.38914489746094,15.866347312927246
9,1,219.5591278076172,16.85126495361328
9,1,219.72694396972656,17.83645248413086
9,1,219.8926239013672,18.821910858154297
9,1,220.05616760253906,19.807634353637695
9,1,220.2175750732422,20.793622970581055
9,1,220.3768768310547,21.77987289428711
9,1,220.53408813476562,22.766386032104492
9,1,220.68919372558594,23.753156661987305
9,1,220.84222412109375,24.740184783935547
9,1,220.99317932128906,25.727468490600586
9,1,221.14207458496094,26.715003967285156
9,1,221.28892517089844,27.702791213989258
9,1,221.43374633789062,28.690826416015625
9,1,221.57652282714844,29.67911148071289
9,1,221.71730041503906,30.667640686035156
9,1,221.85606384277344,31.65641212463379
9,1,221.99282836914062,32.64542770385742
9,1,222.1276092529297,33.63467788696289
9,1,222.2604217529297,34.624168395996094
9,1,222.3912811279297,35.613895416259766
9,1,222.52017211914062,36.60385513305664
9,1,222.6471405029297,37.59404754638672
9,1,222.7721710205078,38.584468841552734
9,1,222.89527893066406,39.57511901855469
9,1,223.0164794921875,40.56599426269531
9,1,223.1357879638672,41.557090759277344
9,1,223.25320434570312,42.54841232299805
9,1,223.36874389648438,43.539955139160156
9,1,223.482421875,44.53171157836914
9,1,223.59423828125,45.52368927001953
9,1,223.7042236328125,46.51587677001953
9,1,223.81236267089844,47.508277893066406
9,1,223.91868591308594,48.500892639160156
9,1,224.02320861816406,49.493709564208984
9,1,224.12591552734375,50.48673629760742
9,1,224.22683715820312,51.4799690246582
9,1,224.32598876953125,52.47340393066406
9,1,224.42337036132812,53.467037200927734
9,1,224.51898193359375,54.46086883544922
9,1,224.61285400390625,55.454898834228516
9,1,224.7050018310547,56.44912338256836
9,1,224.79541015625,57.443538665771484
9,1,224.8841094970703,58.438148498535156
9,1,224.9711151123047,59.432945251464844
9,1,225.05641174316406,60.42792892456055
9,1,225.14002990722656,61.423095703125
9,1,225.22198486328125,62.41844940185547
9,1,225.30227661132812,63.41398239135742
9,1,225.38092041015625,64.4096908569336
9,1,225.4579315185547,65.40557861328125
9,1,225.53330993652344,66.40164947509766
9,1,225.60707092285156,67.39788818359375
9,1,225.67921447753906,68.39429473876953
9,1,225.74977111816406,69.390869140625
9,1,225.81875610351562,70.38761901855469
9,1,225.8861541748047,71.38452911376953
9,1,225.95199584960938,72.38160705566406
9,1,226.0162811279297,73.37884521484375
9,1,226.0790252685547,74.37623596191406
9,1,226.14024353027344,75.37379455566406
9,1,226.19993591308594,76.37150573730469
9,1,226.25811767578125,77.36936950683594
9,1,226.31480407714844,78.36738586425781
9,1,226.37001037597656,79.36554718017578
9,1,226.42373657226562,80.36386108398438
9,1,226.47598266601562,81.3623275756836
9,1,226.52679443359375,82.36093139648438
9,1,226.57615661621094,83.35968017578125
9,1,226.62408447265625,84.35856628417969
9,1,226.6705780029297,85.35758972167969
9,1,226.71566772460938,86.35675048828125
9,1,226.75936889648438,87.35604858398438
9,1,226.80166625976562,88.35547637939453
9,1,226.84259033203125,89.35503387451172
9,1,226.88214111328125,90.35472106933594
9,1,226.9203338623047,91.35453796386719
9,1,226.95718383789062,92.35447692871094
9,1,226.99269104003906,93.35453796386719
9,1,227.02688598632812,94.35472106933594
9,1,227.05975341796875,95.35501861572266
9,1,227.09132385253906,96.35543823242188
9,1,227.12159729003906,97.35597229003906
9,1,227.1505889892578,98.35662078857422
9,1,227.17831420898438,99.35737609863281
9,1,227.20477294921875,100.35824584960938
9,1,227.22998046875,101.35922241210938
9,1,227.2539520263672,102.36029815673828
9,1,227.27670288085938,103.36148071289062
9,1,227.29823303222656,104.36276245117188
9,1,227.31854248046875,105.36415100097656
9,1,227.33767700195312,106.36563110351562
9,1,227.35560607910156,107.36720275878906
9,1,227.37237548828125,108.3688735961914
9,1,227.38796997070312,109.37063598632812
9,1,227.4024200439453,110.37248992919922
9,1,227.4157257080078,111.37442779541016
9,1,227.4279022216797,112.37644958496094
9,1,227.43896484375,113.3785629272461
9,1,227.44891357421875,114.38075256347656
9,1,227.45774841308594,115.38301849365234
9,1,227.46551513671875,116.38536834716797
9,1,227.47219848632812,117.3877944946289
9,1,227.47781372070312,118.39029693603516
9,1,227.4823760986328,119.39286804199219
9,1,227.4858856201172,120.3955078125
9,1,227.48837280273438,121.3982162475586
9,1,227.4898223876953,122.40099334716797
9,1,227.49026489257812,123.4038314819336
9,1,227.48971557617188,124.40673828125
9,1,227.48817443847656,125.40969848632812
9,1,227.4856414794922,126.4127197265625
9,1,227.48214721679688,127.41580200195312
9,1,227.47769165039062,128.41893005371094
9,1,227.4722900390625,129.422119140625
9,1,227.4659423828125,130.42535400390625
9,1,227.45867919921875,131.4286346435547
9,1,227.45050048828125,132.43197631835938
9,1,227.44142150878906,133.4353485107422
9,1,227.4314422607422,134.4387664794922
9,1,227.4205780029297,135.44223022460938
9,1,227.40884399414062,136.44573974609375
9,1,227.39625549316406,137.44927978515625
9,1,227.3828125,138.45285034179688
9,1,227.36851501464844,139.45645141601562
9,1,227.35340881347656,140.46009826660156
9,1,227.3374786376953,141.46376037597656
9,1,227.32073974609375,142.4674530029297
9,1,227.30320739746094,143.47117614746094
9,1,227.28488159179688,144.47491455078125
9,1,227.26577758789062,145.4786834716797
9,1,227.2459259033203,146.4824676513672
9,1,227.22531127929688,147.48626708984375
9,1,227.20394897460938,148.49008178710938
9,1,227.18186950683594,149.49392700195312
9,1,227.1590576171875,150.49777221679688
9,1,227.1355438232422,151.50161743164062
9,1,227.11131286621094,152.50547790527344
9,1,227.08641052246094,153.5093536376953
9,1,227.06082153320312,154.5132293701172
9,1,227.03457641601562,155.51710510253906
9,1,227.00765991210938,156.52098083496094
9,1,226.98011779785156,157.52484130859375
9,1,226.95191955566406,158.52871704101562
9,1,226.92311096191406,159.53257751464844
9,1,226.89369201660156,160.53643798828125
9,1,226.86366271972656,161.540283203125
9,1,226.83303833007812,162.5441131591797
9,1,226.8018341064453,163.54794311523438
9,1,226.7700653076172,164.55174255371094
9,1,226.7377471923828,165.5555419921875
9,1,226.70486450195312,166.55931091308594
9,1,226.67144775390625,167.5630645751953
9,1,226.63751220703125,168.56678771972656
9,1,226.60305786132812,169.5704803466797
9,1,226.56808471679688,170.57415771484375
9,1,226.5326385498047,171.5778045654297
9,1,226.49668884277344,172.5814208984375
9,1,226.4602813720703,173.58499145507812
9,1,226.42340087890625,174.5885467529297
9,1,226.38607788085938,175.59205627441406
9,1,226.3483123779297,176.59552001953125
9,1,226.31011962890625,177.5989532470703
9,1,226.27149963378906,178.6023406982422
9,1,226.23248291015625,179.60568237304688
9,1,226.19305419921875,180.60897827148438
9,1,226.15325927734375,181.6122283935547
9,1,226.11306762695312,182.6154327392578
9,1,226.07252502441406,183.6185760498047
9,1,226.03163146972656,184.62167358398438
9,1,225.99038696289062,185.6247100830078
9,1,225.9488067626953,186.627685546875
9,1,225.9069061279297,187.63059997558594
9,1,225.8647003173828,188.63345336914062
9,1,225.8221893310547,189.63624572753906
9,1,225.77938842773438,190.63897705078125
9,1,225.73631286621094,191.64163208007812
9,1,225.69297790527344,192.6442108154297
9,1,225.6493682861328,193.646728515625
9,1,225.60552978515625,194.649169921875
9,1,225.5614471435547,195.6515350341797
9,1,225.5171356201172,196.65382385253906
9,1,225.4726104736328,197.65603637695312
9,1,225.42788696289062,198.65817260742188
9,1,225.3829803466797,199.66021728515625
9,1,225.33787536621094,200.66217041015625
9,1,225.2926025390625,201.66404724121094
9,1,225.24717712402344,202.66583251953125
9,1,225.20159912109375,203.6675262451172
9,1,225.1558837890625,204.6691131591797
9,1,225.11004638671875,205.67062377929688
9,1,225.0640869140625,206.67202758789062
9,1,225.0180206298828,207.67333984375
9,1,224.97186279296875,208.67454528808594
9,1,224.92562866210938,209.67564392089844
9,1,224.87930297851562,210.67665100097656
9,1,224.8329315185547,211.6775360107422
9,1,224.7864990234375,212.67831420898438
9,1,224.74002075195312,213.6790008544922
9,1,224.6935272216797,214.67955017089844
9,1,224.64700317382812,215.67999267578125
10,1,1.562000036239624,1.8760000467300415
10,1,2.5676867961883545,1.8770794868469238
10,1,3.573373556137085,1.8781589269638062
10,1,4.579060077667236,1.8792383670806885
10,1,5.584746837615967,1.8803178071975708
10,1,6.590433120727539,1.8813972473144531
10,1,7.596119403839111,1.8824766874313354
10,1,8.601805686950684,1.8835561275482178
10,1,9.607491493225098,1.8846355676651
10,1,10.613177299499512,1.8857150077819824
10,1,11.618863105773926,1.8867944478988647
10,1,12.624547958374023,1.887873888015747
10,1,13.630233764648438,1.8889533281326294
10,1,14.635919570922852,1.8900327682495117
10,1,15.64160442352295,1.891112208366394
10,1,16.647289276123047,1.8921915292739868
10,1,17.65297508239746,1.8932709693908691
10,1,18.658658981323242,1.8943504095077515
10,1,19.664344787597656,1.8954298496246338
10,1,20.670028686523438,1.8965092897415161
10,1,21.67571449279785,1.8975887298583984
10,1,22.681398391723633,1.8986681699752808
10,1,23.687082290649414,1.899747610092163
10,1,24.692766189575195,1.9008270502090454
10,1,25.69845199584961,1.9019064903259277
10,1,26.70413589477539,1.90298593044281
10,1,27.709819793701172,1.9040653705596924
10,1,28.715503692626953,1.9051448106765747
10,1,29.721187591552734,1.906224250793457
10,1,30.726869583129883,1.9073036909103394
10,1,31.732553482055664,1.9083831310272217
10,1,32.73823928833008,1.909462571144104
10,1,33.743919372558594,1.9105420112609863
10,1,34.749603271484375,1.9116214513778687
10,1,35.755287170410156,1.912700891494751
10,1,36.76097106933594,1.9137803316116333
10,1,37.76665496826172,1.9148597717285156
10,1,38.772335052490234,1.915939211845398
10,1,39.778018951416016,1.9170186519622803
10,1,40.7837028503418,1.9180980920791626
10,1,41.78938674926758,1.919177532196045
10,1,42.795066833496094,1.9202569723129272
10,1,43.800750732421875,1.9213364124298096
10,1,44.80643081665039,1.922415852546692
10,1,45.81211471557617,1.9234952926635742
10,1,46.81779861450195,1.9245747327804565
10,1,47.82347869873047,1.9256541728973389
10,1,48.82916259765625,1.9267336130142212
10,1,49.834842681884766,1.9278130531311035
10,1,50.84052658081055,1.9288924932479858
10,1,51.84620666503906,1.9299719333648682
10,1,52.851890563964844,1.9310513734817505
10,1,53.85757064819336,1.9321308135986328
10,1,54.86325454711914,1.9332102537155151
10,1,55.868934631347656,1.9342896938323975
10,1,56.87461471557617,1.9353691339492798
10,1,57.88029861450195,1.936448574066162
10,1,58.88597869873047,1.9375280141830444
10,1,59.891658782958984,1.9386074542999268
10,1,60.897342681884766,1.939686894416809
10,1,61.90302276611328,1.9407663345336914
10,1,62.9087028503418,1.9418457746505737
10,1,63.91438674926758,1.942925214767456
10,1,64.9200668334961,1.9440046548843384
10,1,65.92575073242188,1.9450840950012207
10,1,66.93142700195312,1.946163535118103
10,1,67.9371109008789,1.9472429752349854
10,1,68.94278717041016,1.9483224153518677
10,1,69.94847106933594,1.94940185546875
10,1,70.95415496826172,1.9504812955856323
10,1,71.95983123779297,1.9515607357025146
10,1,72.96551513671875,1.952640175819397
10,1,73.97119140625,1.9537196159362793
10,1,74.97687530517578,1.9547990560531616
10,1,75.98255920410156,1.955878496170044
10,1,76.98823547363281,1.9569579362869263
10,1,77.9939193725586,1.9580373764038086
10,1,78.99959564208984,1.959116816520691
10,1,80.00527954101562,1.9601962566375732
10,1,81.01095581054688,1.9612756967544556
10,1,82.01663970947266,1.962355136871338
10,1,83.0223159790039,1.9634345769882202
10,1,84.02799987792969,1.9645140171051025
10,1,85.03367614746094,1.9655934572219849
10,1,86.03936004638672,1.9666728973388672
10,1,87.04503631591797,1.9677523374557495
10,1,88.05072021484375,1.9688317775726318
10,1,89.056396484375,1.9699112176895142
10,1,90.06208038330078,1.9709906578063965
10,1,91.06776428222656,1.9720700979232788
10,1,92.07344055175781,1.9731495380401611
10,1,93.0791244506836,1.9742289781570435
10,1,94.08480072021484,1.9753084182739258
10,1,95.0904769897461,1.976387858390808
10,1,96.09616088867188,1.9774672985076904
10,1,97.10183715820312,1.9785467386245728
10,1,98.1075210571289,1.979626178741455
10,1,99.11319732666016,1.9807056188583374
10,1,100.11888122558594,1.9817850589752197
10,1,101.12455749511719,1.982864499092102
10,1,102.13024139404297,1.9839439392089844
10,1,103.13591766357422,1.9850233793258667
10,1,104.1416015625,1.986102819442749
10,1,105.14727783203125,1.9871822595596313
10,1,106.15296173095703,1.9882616996765137
10,1,107.15863800048828,1.989341139793396
10,1,108.16432189941406,1.9904205799102783
10,1,109.16999816894531,1.9915000200271606
10,1,110.1756820678711,1.992579460144043
10,1,111.18135833740234,1.9936589002609253
10,1,112.18704223632812,1.9947383403778076
10,1,113.19271850585938,1.99581778049469
10,1,114.19840240478516,1.9968972206115723
10,1,115.2040786743164,1.9979766607284546
10,1,116.20976257324219,1.999056100845337
10,1,117.21543884277344,2.0001354217529297
10,1,118.22112274169922,2.0012149810791016
10,1,119.22679901123047,2.0022943019866943
10,1,120.23248291015625,2.003373861312866
10,1,121.2381591796875,2.004453182220459
10,1,122.24383544921875,2.005532741546631
10,1,123.24951934814453,2.0066120624542236
10,1,124.25519561767578,2.0076916217803955
10,1,125.26087951660156,2.0087709426879883
10,1,126.26655578613281,2.00985050201416
10,1,127.2722396850586,2.010929822921753
10,1,128.27792358398438,2.012009382247925
10,1,129.28359985351562,2.0130887031555176
10,1,130.28927612304688,2.0141682624816895
10,1,131.2949676513672,2.0152475833892822
10,1,132.30064392089844,2.016327142715454
10,1,133.3063201904297,2.017406463623047
10,1,134.31199645996094,2.0184860229492188
10,1,135.31768798828125,2.0195653438568115
10,1,136.3233642578125,2.0206449031829834
10,1,137.32904052734375,2.021724224090576
10,1,138.334716796875,2.022803783416748
10,1,139.3404083251953,2.023883104324341
10,1,140.34608459472656,2.0249626636505127
10,1,141.3517608642578,2.0260419845581055
10,1,142.35743713378906,2.0271215438842773
10,1,143.36312866210938,2.02820086479187
10,1,144.36880493164062,2.029280424118042
10,1,145.37448120117188,2.0303597450256348
10,1,146.3801727294922,2.0314393043518066
10,1,147.38584899902344,2.0325186252593994
10,1,148.3915252685547,2.0335981845855713
10,1,149.397216796875,2.034677505493164
10,1,150.40289306640625,2.035757064819336
10,1,151.4085693359375,2.0368363857269287
10,1,152.41424560546875,2.0379159450531006
10,1,153.41993713378906,2.0389952659606934
10,1,154.4256134033203,2.0400748252868652
10,1,155.43128967285156,2.041154146194458
10,1,156.43698120117188,2.04223370552063
10,1,157.44265747070312,2.0433130264282227
10,1,158.44833374023438,2.0443925857543945
10,1,159.4540252685547,2.0454719066619873
10,1,160.45970153808594,2.046551465988159
10,1,161.4653778076172,2.047630786895752
10,1,162.4710693359375,2.048710346221924
10,1,163.47674560546875,2.0497896671295166
10,1,164.482421875,2.0508692264556885
10,1,165.4881134033203,2.0519485473632812
10,1,166.49378967285156,2.053028106689453
10,1,167.49948120117188,2.054107427597046
10,1,168.50515747070312,2.0551869869232178
10,1,169.51083374023438,2.0562663078308105
10,1,170.5165252685547,2.0573458671569824
10,1,171.52220153808594,2.058425188064575
10,1,172.5278778076172,2.059504747390747
10,1,173.5335693359375,2.06058406829834
10,1,174.53924560546875,2.0616636276245117
10,1,175.54493713378906,2.0627429485321045
10,1,176.5506134033203,2.0638225078582764
10,1,177.55630493164062,2.064901828765869
10,1,178.56198120117188,2.065981388092041
10,1,179.56765747070312,2.067060708999634
10,1,180.57334899902344,2.0681402683258057
10,1,181.5790252685547,2.0692195892333984
10,1,182.584716796875,2.0702991485595703
10,1,183.59039306640625,2.071378469467163
10,1,184.59608459472656,2.072458028793335
10,1,185.6017608642578,2.0735373497009277
10,1,186.60745239257812,2.0746169090270996
10,1,187.61312866210938,2.0756962299346924
10,1,188.6188201904297,2.0767757892608643
10,1,189.62449645996094,2.077855110168457
10,1,190.63018798828125,2.078934669494629
10,1,191.6358642578125,2.0800139904022217
10,1,192.6415557861328,2.0810935497283936
10,1,193.64723205566406,2.0821728706359863
10,1,194.65292358398438,2.083252429962158
10,1,195.65859985351562,2.084331750869751
10,1,196.66429138183594,2.085411310195923
10,1,197.6699676513672,2.0864906311035156
10,1,198.6756591796875,2.0875701904296875
10,1,199.68133544921875,2.0886495113372803
10,1,200.68702697753906,2.089729070663452
10,1,201.6927032470703,2.090808391571045
10,1,202.69839477539062,2.091887950897217
10,1,203.70408630371094,2.0929672718048096
10,1,204.7097625732422,2.0940468311309814
10,1,205.7154541015625,2.095126152038574
10,1,206.72113037109375,2.096205711364746
10,1,207.72682189941406,2.097285032272339
10,1,208.73251342773438,2.0983645915985107
10,1,209.73818969726562,2.0994439125061035
10,1,210.74388122558594,2.1005234718322754
10,1,211.74957275390625,2.101602792739868
10,1,212.7552490234375,2.10268235206604
10,1,213.7609405517578,2.103761672973633
10,1,214.76663208007812,2.1048412322998047
10,1,215.77230834960938,2.1059205532073975
10,1,216.7779998779297,2.1070001125335693
